/*
SQLyog Community v11.52 (64 bit)
MySQL - 5.6.16 : Database - hiptests
*********************************************************************
*/

/*!40101 SET NAMES utf8 */;

/*!40101 SET SQL_MODE=''*/;

/*!40014 SET @OLD_UNIQUE_CHECKS=@@UNIQUE_CHECKS, UNIQUE_CHECKS=0 */;
/*!40014 SET @OLD_FOREIGN_KEY_CHECKS=@@FOREIGN_KEY_CHECKS, FOREIGN_KEY_CHECKS=0 */;
/*!40101 SET @OLD_SQL_MODE=@@SQL_MODE, SQL_MODE='NO_AUTO_VALUE_ON_ZERO' */;
/*!40111 SET @OLD_SQL_NOTES=@@SQL_NOTES, SQL_NOTES=0 */;
CREATE DATABASE /*!32312 IF NOT EXISTS*/`hiptests` /*!40100 DEFAULT CHARACTER SET latin1 */;

USE `hiptests`;

/*Data for the table `asignaturas` */

insert  into `asignaturas`(`id`,`asignatura`) values (1,'LECM'),(2,'CNM1'),(3,'TINF');

/*Data for the table `planes` */

insert  into `planes`(`id`,`plan`) values (1,'2010'),(2,'94');

/*Data for the table `preguntas` */

insert  into `preguntas`(`id`,`id_asignatura`,`id_plan`,`contenido`,`validada`) values (1,1,2,'Un mezclador doblemente balanceado anula:',1),(2,1,2,'Las pérdidas de conversión de un mezclador se calculan:',1),(3,1,2,'Si la señal moduladora a la entrada de un modulador no balanceado es una sinusoide de valor medio nulo, la señal modulada a su salida es:',1),(4,1,2,'Para que una señal modulada en AM por un tono no exista sobremodulación, es suficiente que la diferencia entre la raya central del espectro y las rayas laterales sea:',1),(5,1,2,'Si la sensibilidad de un analizador de espectros es de -30dBm, se pueden medir señales de entrada:',1),(6,1,2,'Si las frecuencias de símbolo de una modulación FSK son f1=10,75MHz, y f2=11,05MHz, la desviación de frecuencia de la señal FSK es de:',1),(7,1,2,'Se transmite una secuencia de bits 0001, de forma periódica, con una duración de 25micros, utilizando modulación BPSK. La separación entre deltas de la señal modulada es:',1),(8,1,2,'¿Cuál no es una ventaja de los receptores superheterodinos?:',1),(9,1,2,'Considere una señal QPSK de 10Mbps, y otra señal BPSK de 5Mbps:',1),(10,1,2,'La Mínima Señal Detectable (MSD) es:',1),(11,1,2,'En la respuesta transitoria de un PLL con un filtro de lazo lead-lag activo:',1),(12,1,2,'La potencia de ruido a la salida (en dBm) de un receptor de ganancia G es:',1),(13,1,2,'Un modulador de BLS basado en el modulador IQ tiene únicamente dos entradas: Una para la señal moduladora y otra para señal portadora. Indique cómo utilizarlo para modular en BLI:',1),(14,1,2,'El montaje de un PLL como demodulador de frecuencia nos permite medir:',1),(15,1,2,'En un receptor superheterodino como el del laboratorio, la función del filtro de FI entre el mezclador y el amplificador de FI es:',1),(16,1,2,'Suponga un modulador ideal utilizado para generar una señal AM. El índice de modulación se incrementa:',1),(17,2,2,'Las áreas de encaminamiento en GPRS:',1),(18,2,2,'En GSM, los mensajes de la Parte de Aplicación Móvil (MAP) se entregan al subnivel:',1),(19,2,2,'El protocolo MEGACO/H.248 especifica la señalización entre un controlador de llamadas y:',1),(20,2,2,'Los procedimientos de liberación de la llamada en GSM usan el mismo repertorio de mensajes que en redes fijas, tanto en el interfaz radio (Q.931) como entre centrales (ISUP):',1),(21,2,2,'Una llamada dirigida a un móvil cuyo usuario lo ha apagado, se interrumpe:',1),(22,2,2,'La voz empaquetada con RTP se encapsula en tramas UDP para posibilitar:',1),(23,2,2,'La solución del 3GPP para el soporte de telefonía IP extremo a extremo en UMTS se basa en:',1),(24,2,2,'¿Cuál de las siguientes alternativas para transporte de VoIP genera una menor tasa de bit por llamada a nivel IP?',1),(25,2,2,'En UMTS, la interconexión entre estaciones base (Nodos-B) y controladores (RNCs) se lleva a cabo mediante:',1),(26,2,2,'Un adaptador VoIP, con un buffer de 100 paquetes, empaqueta (sin utilizar supresión de silencios)la voz de 100 teléfonos analógicos sobre un enlace de 2 Mbit/s. El flujo de voz de un teléfono cualquiera da lugar a un flujo de paquetes IP de 19 Kbit/s. La probabilidad de pérdida de paquetes en el adaptador:',1),(27,2,2,'La ampliación (SCCP) del nivel 3 de SS7 permite:',1),(28,2,2,'El cuadrete nodal es una configuración de puntos de transferencia de señalización (STP) que se adopta para incrementar:',1),(29,2,2,'Para dar de alta a un nuevo teléfono 900 es preciso modificar la configuración del software de:',1),(30,2,2,'Un usuario de Movistar con tarjeta prepago está de viaje en Francia, donde recibe servicio en itinerancia (\'roaming\') a través de Orange-Francia. ¿Cómo conoce Orange que el usuario es de prepago?',1),(31,2,2,'El acceso vía estaciones base GSM y UMTS al sistema LTE tiene como objetivo',1),(32,2,2,'El canal descendente de HSDPA se comparte, entre los usuarios activos, mediante multiplexado del canal en:',1),(33,2,2,'El mensaje de actualización de posición de un móvil GSM se envía por:',1),(34,2,2,'¿Cuál de estas funciones NO se implantan en una pasarela de medios H.248.1, conectada a una central de tránsito con enlaces E1 y canal común SS7?',1),(35,2,2,'Los protocolos especificados para la implantanción de CAMEL en GSM:',1),(36,2,2,'¿Qué parámetro es el adecuado para consultar a un EIR (Equipment Identity Register)?',1),(37,2,2,'El canal lógico FACCH (Fast Associated Control Channel) utiliza el mismo canal físico radio que:',1),(38,2,2,'La portabilidad de un número de abonado basada en red inteligente se realiza mediante:',1),(39,2,2,'¿Cuál de los siguientes mensajes ISUP SS7 solicita la reserva de un circuito entre dos centrales de tránsito?',1),(40,2,2,'La traducción de Título Global:',1),(41,2,2,'El campo SLS (Signaling Link Selector) de las tramas de nivel 2 del SS7 se utiliza para:',1),(42,2,2,'El incremento del retardo de tránsito de paquetes de voz sobre una red IP:',1),(43,2,2,'Un nodo SIP actuando como servidor de redirección responde a un mensaje INVITE de un terminal VoIP con:',1),(44,2,2,'¿Cuál de los siguientes sistemas NO interviene en el proceso de una llamada a un servicio de red inteligente asociado a un número 900?',1),(45,2,2,'En la arquitectura de UTRAN, la red de acceso de UMTS, es posible la comunicación directa sobre un enlace físico entre:',1),(46,2,2,'GPRS utiliza una red Frame Relay para la comunicación del controlador de paquetes con:',1),(47,2,2,'En un traspaso GSM con cambio de controlador (BSC), el móvil genera:',1),(48,2,2,'El subnivel de transacciones del nivel TCAP posibilita:',1),(49,2,2,'En la arquitectura GPRS, la comunicación entre la central (MSC/VLR) y el nodo de acceso (SGSN):',1),(50,2,2,'Los terminales GPRS convencionales no pueden utilizar los 8 intervalos de una trama GSM',1),(51,2,2,'La señalización SIP se transporta con frecuencia sobre UDP ya que:',1),(52,2,2,'En el SS7, un mensaje de establecimiento de llamada procedente de la central local del abonado llamante, tras atravesar una o más centrales de tránsito:',1),(53,2,2,'Los procedimientos de liberación de la llamada en GSM usan el mismo repertorio de mensajes que en redes fijas, tanto en el interfaz radio (Q.931) como entre centrales (ISUP):',1),(54,2,2,'El número de itinerancia (roaming) de un móvil GSM (MSRN):',1),(55,2,2,'En GSM, los mensajes de la Parte de Aplicación Móvil se entregan al subnivel:',1),(56,2,2,'Una de las diferencias entre UMTS y GPRS es que el plano de usuario de la arquitectura de protocolos UMTS, no usa un protocolo de:',1),(57,2,2,'La ampliación (SCCP) del nivel 3 de SS7 permite:',1),(58,2,2,'La secuencia de mensajes básica para el establecimiento de una sesión SIP es:',1),(59,2,2,'Para dimensionar un centro de atención telefónico de un número 900 son adecuados los resultados de un análisis:',1),(60,2,2,'La cabecera de nivel 3 de los paquetes del SS7 contiene un campo indicador:',1),(61,2,2,'El intercambio de mensajes del subnivel de control de recursos radio (RR), se realiza entre el móvil y:',1),(62,2,2,'El teleservicio que condicionó la especificación inicial de UMTS fue:',1),(63,2,2,'¿Cuál de los siguientes mecanismos no permite reducir la tasa de bit de pico de un flujo de voz sobre IP?',1),(64,2,2,'En la arquitectura de Red Inteligente, se utilizan circuitos de voz para:',1),(65,2,2,'Indique cuál de las secuencias de mensajes SIP siguientes permite establecer una sesión SIP',1),(66,2,2,'Los canales de señalización dedicados (SDCCH) de GSM se usan para enviar:',1),(67,2,2,'El concatenado de varios bloques de octetos de voz en cada paquete IP se usa para',1),(68,2,2,'El elemento del Sistema de Señalización nº 7 que facilita el direccionamiento de mensajes mediante títulos globales se denomina:',1),(69,2,2,'¿Qué protocolos se emplean para el transporte de mensajes cortos (SMS) en GSM?',1),(70,2,2,'En una red UMTS Release 99, ¿qué protocolo de señalización emplea un terminal para establecer una llamada de videotelefonía?',1),(71,2,2,'El soporte del servicio HSDPA en una red UMTS se basa en',1),(72,2,2,'¿Cómo está previsto el soporte de telefonía en el sistema LTE?',1),(73,2,2,'En el interfaz radio de GSM, cada llamada de voz ocupa una capacidad de:',1),(74,2,2,'El protocolo H.248.1, también conocido como MEGACO, puede transportar:',1),(75,2,2,'Las consultas a la base de datos de abonados HSS del sistema LTE se basan en el protocolo:',1),(76,2,2,'Para poder encaminar correctamente las llamadas dirigidas a móviles GSM:',1),(77,2,2,'En un enlace de datos compartido por varios usuarios web, la capacidad equivalente (Ceq)',1),(78,2,2,'Según la arquitectura del Sistema de Señalización nº 7, las partes de usuario se ubican:',1),(79,2,2,'Se tiene una capacidad de 900 Kbit/s disponible para llamadas VoIP que generan 60 kbit/s de tasa de pico cada una. Se usa supresión de silencios con factor de actividad 50%. En estas condiciones se pueden cursar:',1),(80,2,2,'Un Adjunto es un equipo de la Red Inteligente que permite:',1),(81,2,2,'En telefonía IP, el empleo de un buffer amortiguador en el extremo receptor permite compensar',1),(82,2,2,'El protocolo más adecuado para el transporte de señalización sobre IP es:',1),(83,2,2,'Si en una célula GSM con una sola portadora se reservan tres canales físicos para GPRS (PDCHs)',1),(84,2,2,'La parte de aplicación de móviles (MAP) interviene en el procedimiento de:',1),(85,2,2,'En el procedimiento de autenticación de UMTS ¿quién autentica a quién?',1),(86,2,2,'El protocolo CAP (CAMEL Application Part)',1),(87,2,2,'Un Punto de Conmutación de Servicio es esencialmente:',1),(88,2,2,'En el Sistema de Señalización nº 7, una central de tránsito que recibe, desde la central llamada, un mensaje ISUP de\nLiberación de una llamada:',1),(89,2,2,'En el plano de control de una estación base (BTS), respecto de los mensajes procedentes de un móvil:',1),(90,2,2,'Uno de los elementos clave del Subsistema IP Multimedia (IMS) es el CSCF. Básicamente, se trata de:',1),(91,2,2,'En una sesión de voz sobre IP establecida mediante SIP a través de un servidor proxy:',1),(92,2,2,'La existencia de dos tipos de Registros de Localización en la arquitectura de GSM se debe a:',1),(93,2,2,'En el SS7, la parte de transferencia de mensajes ofrece:',1),(94,2,2,'En el SS7, los protocolos utilizados por las centrales para establecer y liberar circuitos se llaman:',1),(95,2,2,'El mensaje Q.931 de establecimiento de llamada dirigida a un móvil GSM se envía por',1),(96,3,1,'En un código cíclico sistemático a la palabra de información 1000 ... 000 (todo ceros con un 1 en la primera posición), le corresponde una palabra codificada que:',1),(97,3,1,'Las distintas combinaciones de productos de los factores de un polinomio 1 + x^n',1),(98,3,1,'En un código BCH(15,5) con polinomio generador g(x) = 1 + x + x^2 + x^4 + x^5 + x^8 + x^10, la palabra código en forma sistemática correspondiente a (1 0 1 0 1) es',1),(99,3,1,'Cualquier subespacio vectorial de un espacio vectorial de variable binaria es',1),(100,3,1,'Un código cíclico C(15,7) con g(x)= 1 + x^4 + x^6 + x^7 + x^8 y distancia mínima 5',1),(101,3,1,'Un código cíclico de dimensiones C(15,7) y distancia mínima 5',1),(102,3,1,'La complejidad de los circuitos decodificadores de los códigos cíclicos C(n,k) cuando k es grande',1),(103,3,1,'El protocolo ARQ de retransmisión',1),(104,3,1,'Dependiendo del tipo de canal, ¿qué tipo de técnica cree usted que es más aconsejable?',1),(105,3,1,'En caso de utilización de técnicas de ventana deslizante para un sistema ARQ, si la numeración de la secuencia utiliza L bits',1),(106,3,1,'Dadas dos variables A y B de las que se conoce tan sólo que el cardinal de A es el doble del de B, sabemos que:',1),(107,3,1,'Entre las tres variables X, Y, Z, sabemos que I(X;Y/Z) = 0, por tanto',1),(108,3,1,'Con una lógica de diagramas de Venn, y si a -> b -> c es una relación markoviana, donde H(a) = H(b) = H(c) = 2, H(a/b) = 2 y H(c/b) = 1 bit, identificar si:',1),(109,3,1,'¿Cuál de los siguientes códigos es unívocamente decodificable?',1),(110,3,1,'Es FALSO que un código Huffmann diseñado para una fuente definida',1),(111,3,1,'En un código fuente de una fuente discreta de probabilidades conocidas',1),(112,3,1,'El codificador de Lempel-Ziv se diferencia de uno de Huffmann en que:',1),(113,3,1,'En un canal discreto débilmente simétrico (X,p(y/x),Y) con capacidad C',1),(114,3,1,'Sea el canal (X,p(y/x),Y) de capacidad C1 y el canal (Y,p(z/y),Z) de capacidad C2. Se considera calcular la capacidad resultante de concatenar ambos (X,p(z/x),Z) con capacidad Ct. ¿Cuál de las siguientes sentencias es cierta?',1),(115,3,1,'La incertidumbre de una variable con cinco alternativas de las que más frecuente sucede la mitad de las veces',1),(116,3,1,'¿Cuál de las siguientes relaciones NO ES siempre CIERTA?',1),(117,3,1,'Dadas las tres variables aleatorias A, B, C de las que sabemos que I(A;C/B) = 0 es CIERTO que',1),(118,3,1,'Sea X1, X2,...,Xn variables aleatorias independientes e idénticamente distribuidas. Sea Ae(n) el conjunto típico definido sobre dichas secuencias. ¿Qué sentencia es siempre CIERTA?',1),(119,3,1,'En los códigos fuente:',1),(120,3,1,'El codificador Lempel-Ziv se diferencia de uno de Huffmann en que',1),(121,3,1,'Identificar la sentencia que siempre es cierta',1),(122,3,1,'La capacidad C de un canal discreto y sin memoria',1),(123,3,1,'Si en lugar de utilizar el conjunto de palabras código de un código lineal con una distancia mínima dmin, utilizamos como código el conjunto de palabras de uno de sus cogrupos (otra fila de la tabla estándar), entonces',1),(124,3,1,'Dada una matriz generadora G de un código lineal',1),(125,3,1,'Si a la salida de un canal, recibo un vector r, entonces se cumple que',1),(126,3,1,'Dado un código lineal C(n,k) y su decodificación mediante tabla estándar (o matriz típica)',1),(127,3,1,'Utilizamos un código cíclico con capacidad de corrección de errores de hasta peso 2 y lo decodificamos utilizando el decodificador de Meggit',1),(128,3,1,'Un código cíclico de dimensiones C(23,12) y distancia mínima 7',1),(129,3,1,'En un sistema ARQ de envío continuo y rechazo simple o retroactivo se utiliza un código de distancia mínima 7, corrigiendo errores de peso 2 y simultáneamente detectando errores de peso menor o igual que 4',1),(130,3,1,'En una transmisión ARQ con envío continuo y rechazo simple o retroactivo con L bits de número de secuencia, la capacidad de la memoria del emisor',1),(131,3,1,'Se dispone de un código cíclico, con polinomio generador g(x) y dimensiones C(15,7), del que se sabe que puede corregir errores dobles, sin capacidad detectora adicional, y se desea diseñar un código C(16,7) de dmin=6',1),(132,3,1,'Si puedo enviar por un canal tramas de 20 bits en total, y quiero ser capaz de corregir errores dobles, la longitud máxima de las palabras fuente que puedo transmitir es de:',1);

/*Data for the table `respuestas` */

insert  into `respuestas`(`id`,`id_pregunta`,`contenido`,`correcta`) values (1,1,'El oscilador local (OL), sus armónicos y aquellas componentes con armónicos pares de FI y del OL',1),(2,1,'El oscilador local (OL), sus armónicos y aquellas componentes con armónicos pares de FI',0),(3,1,'El oscilador local (OL), sus armónicos y aquellas componentes con armónicos pares de FI e impares del OL',0),(4,2,'Restando a la potencia de RF en la salida del OL, la potencia de FI en la entrada de éste',1),(5,2,'Restando a la potencia de RF en la salida del OL, la potencia de RF en la entrada de éste',0),(6,2,'Restando a la potencia de RF en la salida del OL, la potencia de FI también a la salida de éste',0),(7,3,'AM',1),(8,3,'DBL',0),(9,3,'BLU',0),(10,4,'Superior a 4 dB',1),(11,4,'Proporcional al índice de modulación',0),(12,4,'Ninguna de las anteriores es correcta',0),(13,5,'De 25mVpp o mayores',1),(14,5,'De 5mVpp o mayores',0),(15,5,'De 10mVpp o mayores',0),(16,6,'150KHz',1),(17,6,'300KHz',0),(18,6,'75KHz',0),(19,7,'10KHz',1),(20,7,'20KHz',0),(21,7,'40KHz',0),(22,8,'Se evita tener que recuperar la portadora',1),(23,8,'Permite reducir el factor de calidad de los filtros manteniendo la selectividad',0),(24,8,'Se evitan problemas de inestabilidades al amplificar la señal a distintas frecuencias',0),(25,9,'La señal BPSK tiene la mitad de ancho de banda que la señal QPSK',0),(26,9,'La señal QPSK tiene igual eficiencia espectral que la señal BPSK',0),(27,9,'Las dos respuestas anteriores son falsas',1),(28,10,'El nivel de RF para el cuál la señal de FI tiene la misma potencia que el ruido en FI',1),(29,10,'El nivel de RF para el cuál la señal de FI tiene el doble de potencia que el ruido en FI',0),(30,10,'El nivel de RF para el cuál al demodular un pulso de RF los picos de ruido de los niveles alto y bajo de la señal se igualen',0),(31,11,'El error de posición es constante',1),(32,11,'El error de velocidad es nulo',0),(33,11,'El error de aceleración es nulo',0),(34,12,'No = MDS + G',1),(35,12,'No = MDS + G + F',0),(36,12,'No = 10log(KTo)+ 10log(Brx)+G',0),(37,13,'Desfasando 90º la señal moduladora',0),(38,13,'Desfasando 90º la señal portadora',0),(39,13,'Ninguna de las anteriores es correcta',1),(40,14,'La función de transferencia en lazo cerrado H(s)',0),(41,14,'El factor de amortiguamiento y la pulsación natural del PLL',0),(42,14,'Las dos respuestas anteriores son ciertas',1),(43,15,'Eliminar posibles productos de intermodulación no deseados',1),(44,15,'Aumentar el rechazo a la banda imagen',0),(45,15,'Las dos anteriores',0),(46,16,'Al disminuir el valor medio de a señal moduladora',1),(47,16,'Al disminuir la amplitud de la señal de oscilador local(portadora)',0),(48,16,'Las dos respuestas anteriores son correctas',0),(49,17,'Agrupan varias áreas de encaminamiento de GSM.',0),(50,17,'Son subdivisiones de un área de localización de GSM.',1),(51,17,'Permiten la localización de un móvil en estado activo.',0),(52,18,'MTP, del nivel 3 del Sistema de Señalización nº 7.',0),(53,18,'TCAP, del nivel 4 del Sistema de Señalización nº 7.',1),(54,18,'SCCP, del nivel 3 del Sistema de Señalización nº 7.',0),(55,19,'Una pasarela de señalización (SG)',0),(56,19,'Un punto de transferencia de señalización (STP)',0),(57,19,'Una pasarela de medios (MG)',1),(58,20,'Interrumpiendo el flujo de mensajes hacia el móvil hasta que la central recibe la confirmación del controlador (BSC).',0),(59,20,'Sin más.',1),(60,20,'Interrumpiendo el flujo de mensajes hacia el móvil hasta que la central recibe la confirmación del registro propio (HLR).',0),(61,21,'Al consultar el VLR',1),(62,21,'Al no responder el móvil a un mensaje de aviso sobre el canal PCH',0),(63,21,'Al no responder el móvil al mensaje Q.931 de establecimiento',0),(64,22,'La entrega al decodificador de voz en el terminal destinatario.',1),(65,22,'La retransmisión extremo a extremo en caso de error.',0),(66,22,'La retransmisión nodo a nodo en caso de error.',0),(67,23,'El reemplazo de las centrales MSC por pasarelas y controladores',0),(68,23,'La introducción del subsistema IP multimedia (IMS)',1),(69,23,'El reemplazo de ATM por IP en la red de acceso UTRAN',0),(70,24,'Códec G.711 (64 kbit/s) y tiempo de empaquetado de 20 ms.',0),(71,24,'Códec G.729 (8 kbit/s) y tiempo de empaquetado de 20 ms.',1),(72,24,'Códec G.771 (64 kbit/s) y tiempo de empaquetado 5 ms.',0),(73,25,'Enlaces físicos punto a punto de n·64 kbit/s',0),(74,25,'Circuitos virtuales ATM',1),(75,25,'Túneles IP',0),(76,26,'Es nula',1),(77,26,'Se obtiene aplicando el modelo ND/D/1/K',0),(78,26,'Se obtiene aplicando el modelo N(on-off)/D/1/K',0),(79,27,'La interconexión con redes IP para señalización ISUP/VoIP.',0),(80,27,'La traducción de números 900 de redes inteligentes.',0),(81,27,'Direccionar subsistemas de una central telefónica GSM.',1),(82,28,'La velocidad de transferencia de mensajes de señalización SS7.',0),(83,28,'La capacidad de proceso de mensajes de señalización SS7.',0),(84,28,'La fiabilidad de la red de señalización nº 7.',1),(85,29,'El entorno de creación de servicios (SCE)',0),(86,29,'El punto de conmutación del servicio (SSP)',0),(87,29,'El punto de control del servicio (SCP)',1),(88,30,'Al indicárselo el móvil en el mensaje de establecimiento de llamada Q.931.',0),(89,30,'Al confirmar el HLR (de Movistar) a Orange el mensaje de actualización de posición en Francia.',1),(90,30,'Tras consultar, vía CAMEL, al punto de control del servicio (SCP) de Movistar.',0),(91,31,'Permitir que los terminales GSM y UMTS puedan acceder a servicios LTE',0),(92,31,'No está previsto dicho acceso',0),(93,31,'Garantizar la cobertura del servicio durante el despliegue inicial de las redes LTE',1),(94,32,'El tiempo y el código CDMA',1),(95,32,'El tiempo',0),(96,32,'El código CDMA',0),(97,33,'La red tras vencer un temporizador sin recibir actualizaciones del móvil',0),(98,33,'El móvil siempre que entra en una nueva célula con cambio de operador',1),(99,33,'El móvil siempre que entra en una nueva célula sin cambio de operador',0),(100,34,'Proceso de mensajes de señalización ISUP',1),(101,34,'Tratamiento, codificación y empaquetado de la voz',0),(102,34,'Asociación entre un canal físico de 64 Kbits/s y un número de puerto UDP',0),(103,35,'Requieren la ampliación de los mensajes MAP propios de GSM',1),(104,35,'Coinciden con los de la Red Inteligente para telefonía fija',0),(105,35,'No se transportan sobre la red de paquetes del Sistema de Señalización nº 7',0),(106,36,'MSRN (Mobile Subscriber Roaming Number)',0),(107,36,'IMSI (International Mobile Subscriber Identity)',0),(108,36,'IMEI (International Mobile Equipment Identity)',1),(109,37,'Un canal asociado lento (SACCH)',1),(110,37,'Un canal dedicado de señalización (SDCCH)',0),(111,37,'Un canal de difusión (BCCH)',0),(112,38,'La traducción en un SCP (Punto de Control de Servicios) del número del abonado portado',1),(113,38,'El servicio suplementario \'Desvío Remoto de LLamada\', en la central del abonado llamante',0),(114,38,'El servicio suplementario \'Desvío de LLamada Incondicional\', en la antigua central del portado',0),(115,39,'Mensajes de Continuidad (COT)',0),(116,39,'Mensaje Inicial de Dirección (IAM)',1),(117,39,'Mensaje de Dirección Completa (ACM)',0),(118,40,'Es posible gracias al diálogo entre central de tránsito y punto de control del servicio, SCP',0),(119,40,'Encamina un mensaje ISUP a partir del nº de abonado llamante contenido en ese mensaje',0),(120,40,'Se ejecuta en puntos de transferencia de señalización dotados de subnivel SCCP',1),(121,41,'Informar del cambio a una ruta de reserva tras la caída de un punto de transferencia de señalización (STP)',0),(122,41,'Informar del cambio al enlace físico de reserva tras la caída del canal común principal',0),(123,41,'El reparto de carga entre enlaces redundantes o rutas alternativas',1),(124,42,'Agrava el efecto del eco acústico de los terminales VoIP',1),(125,42,'No incide en el efecto del eco acústico de los terminales VoIP',0),(126,42,'Disminuye el eco acústico de los terminales VoIP',0),(127,43,'Un mensaje de la serie 300 indicando indisponibilidad temporal',1),(128,43,'Un mensaje \'200 OK\' indicando que la redirección se ha completado',0),(129,43,'Un mensaje \'180 ringing\' que indica que el teléfono redireccionado está sonando',0),(130,44,'Entorno de Creación de Servicios (SCE)',1),(131,44,'Punto de Conmutación del Servicio (SSP)',0),(132,44,'Central telefónica local',0),(133,45,'Dos controladores (RNC)',1),(134,45,'Un nodo B y dos controladores',0),(135,45,'Dos estaciones base (Nodos B)',0),(136,46,'Las estaciones base',0),(137,46,'El nodo de Acceso (SGSN)',1),(138,46,'La pasarela con Internet (GGSN)',0),(139,47,'Mensajes adicionales al caso sin cambio de BSC',0),(140,47,'Mensajes diferentes al caso sin cambiar de BSC',0),(141,47,'Los mismos mensajes que sin cambio de BSC',1),(142,48,'La identificación de operaciones remotas encadenadas.',1),(143,48,'La segmentación al devolver resultados de una operación remota',0),(144,48,'La notificación de un error en una operación remota',0),(145,49,'Permite intercambiar información de actualización de posición del móvil',1),(146,49,'No se especifica en las normas de GPRS, puesto que sus respectivos núcleos de red son independientes',0),(147,49,'Es necesaria para que la central pueda incluir en la tarificación el tráfico de paquetes GPRS',0),(148,50,'Porque las normas GSM limitan a 4 el número máximo de intervalos GPRS por trama',0),(149,50,'Por limitaciones en la velocidad de la CPU de los terminales',0),(150,50,'Por utilizar transmisión semiduplex para reducir la complejidad del terminal',1),(151,51,'El protocolo SIP incluye mecanismos de fiabilidad',1),(152,51,'El protocolo UDP incluye mecanismos de fiabilidad',0),(153,51,'La señalización no requiere un transporte fiable',0),(154,52,'Sólo se modifica si la llamada requiere atención de un punto de control de servicio (SCP)',0),(155,52,'Llega sin modificaciones a la central del abonado llamado',0),(156,52,'Se modifica al pasar por cada central de tránsito',1),(157,53,'Sin más',1),(158,53,'Interrumpiendo el flujo de mensajes hacia el móvil hasta que la central recibe la confirmación del controlador (BSC)',0),(159,53,'Interrumpiendo el flujo de mensajes hacia el móvil hasta que la central recibe la confirmación del registro propio (HLR)',0),(160,54,'Se le asigna, tras su primera actualización de posición en la red de otro operador',0),(161,54,'Se actualiza al cambiar el área de localización',0),(162,54,'Permite encaminar, sobre la parte fija de la red, una llamada a él dirigida',1),(163,55,'TCAP; del nivel 4 del Subsistema de Señalización nº 7',1),(164,55,'MTP; del nivel 3 del Subsistema de Señalización nº 7',0),(165,55,'SSCP; del nivel 3 del Subsistema de Señalización nº 7',0),(166,56,'Control del enlace lógico (LLC)',1),(167,56,'Control del enlace radio (RLC)',0),(168,56,'Control de acceso múltiple (MAC)',0),(169,57,'La interconexión con redes IP para señalización de ISUP/VoIP',0),(170,57,'Traducción de números 900 de redes inteligentes',0),(171,57,'Direccionar subsistemas de una central telefónica GSM',1),(172,58,'INVITE / 180 Ringing / 200 OK / ACK',1),(173,58,'INVITE / 180 Ringing / ACK / 200 OK',0),(174,58,'INVITE / 200 OK / ACCEPT / 200 OK',0),(175,59,'M/M/m/m',0),(176,59,'M/M/1',0),(177,59,'M/M/m',1),(178,60,'Del espacio de direcciones utilizado (SS nativo para telefonía convencional o IP para VoIP)',0),(179,60,'Del tipo de red (nacional, internacional, ...) a que se dirigen',1),(180,60,'Del uso de un espacio de direcciones extendido (título global, ...)',0),(181,61,'El controlador (BSC) solamente.',0),(182,61,'La estación base (BTS) solamente.',0),(183,61,'Unas veces con la estación base (BTS), otras con el controlador (BSC)',1),(184,62,'Videotelefonía a 64 Kbit/s',1),(185,62,'Acceso a Internet a 3 Mbit/s',0),(186,62,'Telefonía IP',0),(187,63,'Compresión de cabeceras RTP/UDP/IP',0),(188,63,'Supresión de silencios',1),(189,63,'Concatenado de varios paquetes de voz por paquete IP',0),(190,64,'Encaminar las llamadas que necesitan servicios de RI hasta el Punto de Control de Servicio (SCP) más cercano',0),(191,64,'Conectar al usuario con un periférico inteligente en los servicios de RI que lo necesiten',1),(192,64,'Interconectar cada Punto de Conmutación de Servicio (SSP) con un Punto de Control de Servicio (SCP)',0),(193,65,'INVITE / 200 OK',0),(194,65,'INVITE / ACK / 200 OK / ACK',0),(195,65,'INVITE / 200 OK / ACK',1),(196,66,'Mensajes de actualización de posición de los móviles',1),(197,66,'Medidas de calidad del canal de tráfico asignado a un móvil',0),(198,66,'Notificaciones de traspaso de llamadas establecidas',0),(199,67,'Reducir el retardo extremo a extremo de los paquetes de voz',0),(200,67,'Reducir el impacto de los paquetes de voz que se pierden en la red',0),(201,67,'Reducir la capacidad ocupada por cada flujo de voz sobre IP',1),(202,68,'Parte de Aplicación de Capacidades de Transacción (TCAP)',0),(203,68,'Parte de Transferencia de Mensajes (MTP)',0),(204,68,'Parte de Control de la conexión de Señalización (SCCP)',1),(205,69,'Q.931 e ISUP',0),(206,69,'MAP y TCAP',1),(207,69,'Protocolos SIGTRAN',0),(208,70,'SIP (Session Initiation Protocol',0),(209,70,'Q.931 (señalización de abonado RDSI)',1),(210,70,'SIGTRAN (Signalling Transport)',0),(211,71,'El empleo de un canal radio compartido de alta capacidad',1),(212,71,'La inclusión de más inteligencia en el controlador RNC',0),(213,71,'El despliegue de estaciones base (Nodos-B) específicas para HSDPA',0),(214,72,'Con la inclusión de pasarelas y controladores en el núcleo de red',0),(215,72,'Mediante el Subsistema IP Multimedia (IMS)',1),(216,72,'No está previsto, sólo se soportarán servicios modo paquete',0),(217,73,'16 kbit/s',0),(218,73,'64 kbit/s',0),(219,73,'22,8 kbit/s',1),(220,74,'Órdenes enviadas a una pasarela de señalización',0),(221,74,'Mensajes de señalización de protocolos SS7 sobre redes IP',0),(222,74,'Notificaciones relativas a la señalización de abonado analógica',1),(223,75,'MAP (Parte de Aplicaciones Móviles)',0),(224,75,'SIP (Protocolo de Inicio de Sesiones)',0),(225,75,'DIAMETER (evolución del protocolo de autenticación remota RADIUS)',1),(226,76,'Cada estación base mantiene una lista actualizada de los móviles que están registrados en su célula',0),(227,76,'Cada vez que un móvil actualiza su posición se notifica al registro HLR correspondiente la nueva célula en la que se encuentra el móvil',0),(228,76,'Cada central MSC tiene una lista de números de itinerancia (MSRN) que asigna temporalmente a los móviles que los necesitan',1),(229,77,'Crece conforme aumenta el número de usuarios que comparten el enlace',0),(230,77,'Es igual a la capacidad del enlace dividida entre el número de usuarios que lo comparten',0),(231,77,'Decrece conforme aumenta el factor de actividad (alfa) de los usuarios',1),(232,78,'En los terminales de abonado',0),(233,78,'En los puntos de señalización',1),(234,78,'En el plano de usuario',0),(235,79,'Entre 15 y 30 llamadas dependiendo de la calidad deseada',1),(236,79,'15 llamadas ocupando el 100% de la capacidad disponible',0),(237,79,'30 llamadas sin pérdida de paquetes',0),(238,80,'Disponer de un sistema de diseño y validación de servicios de Red Inteligente',0),(239,80,'Generar y reconocer locuciones para servicios telefónicos interactivos',0),(240,80,'Descentralizar algunas decisiones del SCP (Punto de Control del Servicio)',1),(241,81,'la presencia de eco',0),(242,81,'las fluctuaciones de retardo de los paquetes de voz',1),(243,81,'la pérdida de paquetes introducida por la red',0),(244,82,'Real Time Protocol (RTP)',0),(245,82,'Real Time Control Protocol (RTCP)',0),(246,82,'Stream Control Transmission Protocol (SCTP)',1),(247,83,'La velocidad máxima disponible para los usuarios GPRS es de 3x9600 bit/s',0),(248,83,'Se puede atender un máximo de tres usuarios GPRS simultáneos',0),(249,83,'Se puede soportar un máximo de cuatro llamadas de voz simultáneas',1),(250,84,'Actualización de la posición con cambio de VLR',1),(251,84,'Transferencia de un mensaje corto (SMS) entre el móvil y la MSC',0),(252,84,'Traspaso de llamada sin cambio de MSC',0),(253,85,'La autenticación se produce en los dos sentidos',1),(254,85,'La red al móvil',0),(255,85,'El móvil a la red',0),(256,86,'Es parecido al protocolo INAP utilizado en las redes fijas',1),(257,86,'Es una extensión de MAP para el soporte de servicios de red inteligente',0),(258,86,'Es un protocolo específico para el soporte de servicios suplementarios en redes móviles',0),(259,87,'Una base de datos.',0),(260,87,'Una central telefónica.',1),(261,87,'Un ordenador.',0),(262,88,'Genera un nuevo mensaje de Liberación hacia la central llamante',1),(263,88,'Espera a recibir un mensaje de Liberación desde la central llamante',0),(264,88,'Reenvía, a la central llamante, ese mismo mensaje de Liberación',0),(265,89,'La BTS solo procesa algunos mensajes de nivel RR, el resto los reenvía',1),(266,89,'Se procesan todos los del nivel RR en la BTS dando lugar a nuevos mensajes hacia el controlador (BSC)',0),(267,89,'Se reenvían todos los de niveles MM y RR hacia el BSC sin ser procesados por la BTS',0),(268,90,'Un controlador de pasarelas',1),(269,90,'Un servidor SIP',0),(270,90,'Una pasarela de medios',0),(271,91,'La señalización se intercambia directamente entre los dos interlocutores, pero los datos se intercambian pasando por el proxy.',0),(272,91,'La señalización se intercambia pasando por el proxy, pero los datos viajan directamente entre los dos interlocutores.',1),(273,91,'Tanto la señalización como los datos se intercambian pasando por el proxy.',0),(274,92,'Limitaciones de los servidores de bases de datos cuando se especificó GSM a finales de los años 80',0),(275,92,'La necesidad de duplicar las bases de datos para cumplir los objetivos de fiabilidad ante fallos',0),(276,92,'El objetivo de reducir la carga de señalización en los canales comunes del Sistema de Señalización nº7',1),(277,93,'Servicio de traducción de título global a código de punto de señalización',0),(278,93,'Segmentación de paquetes de señalización largos',0),(279,93,'Un servicio no orientado a conexión',1),(280,94,'Partes de aplicación (AP)',0),(281,94,'Partes de usuario (UP)',1),(282,94,'Partes de control de conexión (SCCP)',0),(283,95,'El canal de control asociado lento (SACCH)',0),(284,95,'El canal de avisos de llamada (PCH)',0),(285,95,'Un canal de señalización dedicado (SDCCH)',1),(286,96,'Es siempre de peso mínimo y algunas veces es la única de peso mínimo',0),(287,96,'Es siempre de grado mínimo y el resto de grado mínimo son desplazamientos circulares de ella',0),(288,96,'Es siempre de peso mínimo y es la única de peso mínimo',0),(289,96,'Es siempre de grado mínimo y en algunos casos también es de peso mínimo',1),(290,97,'No pueden generar en ningún caso un código cíclico de longitud superior a n',0),(291,97,'Generan todos códigos cíclicos de longitud n de iguales propiedades detectoras y correctoras',0),(292,97,'Generan todos códigos cíclicos de longitud n',1),(293,97,'Ninguna de las otras respuestas es cierta',0),(294,98,'(110000100110101)',0),(295,98,'(111010100110101)',0),(296,98,'(111000100110100)',0),(297,98,'(111000100110101)',1),(298,99,'Ninguna de las otras respuestas es válida',0),(299,99,'Un código lineal sistemático',0),(300,99,'Un código lineal',1),(301,99,'Un código cíclico',0),(302,100,'Tiene al menos 15 errores indetectables de peso 5',0),(303,100,'Detecta todos los errores de grado 8',1),(304,100,'Detecta todos los errores de peso 5',0),(305,100,'Detecta todos los errores de peso impar',0),(306,101,'No puede tener binomios como palabras código pero sí trinomios',0),(307,101,'No puede tener palabras código de grado 14',0),(308,101,'Tiene una sola palabra código de grado 8',1),(309,101,'Puede tener una o más palabras código de peso 4',0),(310,102,'Es más rápida que para los códigos lineales que no son cíclicos de igual n y k',0),(311,102,'De tipo Megitt sólo permiten corregir errores simples',1),(312,102,'Es más reducida que para los códigos lineales que no son cíclicos de igual n y k',0),(313,102,'Se reduce cuando el receptor se limita a corregir errores, y no detecta',0),(314,103,'Con rechazo simple (retroactivo a Go-back-n) con ventana 2 son mucho más eficaces que el de parada y espera',0),(315,103,'Con rechazo simple (retroactivo a Go-back-n) ha de tener un rango de números de secuencia (tamaño de ventana) en proporción al tiempo de asentamiento',1),(316,103,'De parada y espera siempre necesita llevar numeradas las tramas con un rango de números de secuencia (tamaño de ventana) proporcional al tiempo de asentamiento',0),(317,103,'Con parada y espera necesita tanta complejidad (circuito, programas o memoria) en el emisor y en el receptor como los de rechazo simple o retroactivo',0),(318,104,'Uná técnica de rechazo selectivo que siempre es más simple y eficaz',0),(319,104,'Una técnica ARQ de parada y espera si el retardo es elevado',0),(320,104,'Una técnica de rechazo simple (retroactivo) si el retardo es despreciable',0),(321,104,'Una técnica FEC si el canal no tiene retorno',1),(322,105,'Para rechazo simple (retroactivo), el tamaño del buffer de memoria del receptor ha de ser tan grande como el del transmisor',0),(323,105,'Para el caso de parada y espera el tamaño del buffer del receptor ha de ser menos de 2^L-1',0),(324,105,'Para rechazo selectivo, los tamaños del buffer del transmisor y del receptor no son independientes',1),(325,105,'Para rechazo selectivo, el receptor sólo necesita capacidad para almacenar una trama',0),(326,106,'La incertidumbre de A es del orden del doble de la de B',0),(327,106,'La incertidumbre de B todavía puede superar a la de A',1),(328,106,'La incertidumbre de A dado B, es del orden de un bit',0),(329,106,'La incertidumbre de A es del orden de un bit más que la de B',0),(330,107,'Las variables X y Z son relativamente independientes entre sí',0),(331,107,'La información mutua entre X y Z coincide con la que hay entre X e Y',0),(332,107,'Las variables X y Z son independientes de la variable Y',0),(333,107,'Las tres variables tienen una dependencia markoviana',1),(334,108,'I(a;c/b) = 1/2 bit',0),(335,108,'H(c/a,b) = 0',0),(336,108,'H(b,c/a) = 1 bit',0),(337,108,'Ninguna de las anteriores',1),(338,109,'{00,11,001,101,011,110}',0),(339,109,'{110,011,100,001,0111}',1),(340,109,'{0,10,101,110,111}',0),(341,109,'{2,1,02,01,022,021,020}',0),(342,110,'A símbolos no equiprobables les puede corresponder palabras de igual longitud, y a símbolos equiprobables les puede corresponder palabras de longitud distinta.',0),(343,110,'Si el alfabeto es binario hay dos o más palabras de longitud máxima',0),(344,110,'A símbolos equiprobables les corresponden palabras de igual longitud',1),(345,110,'A símbolos equiprobables pueden corresponder palabras de longitudes distintas',0),(346,111,'Si es un código óptimo, su longitud media es menor que la de algún otro código Huffmann de la misma fuente',0),(347,111,'Si el código es instantáneo, su longitud media puede ser tan buena como la de cualquier código unívocamente decodificable',1),(348,111,'Si se cumple la desigualdad de Kraft es un código óptimo',0),(349,112,'Sólo es asintóticamente óptimo, si la fuente no tiene memoria',0),(350,112,'Es asintóticamente óptimo, aunque el autómata tenga la memoria limitada',0),(351,112,'No permite tener longitudes medias menores que el código Huffmann diseñado con las probabilidades de primer orden de la fuente',0),(352,112,'No necesita conocer a priori la distribución de probabilidades de la fuente, que puede ser una fuente con memoria',1),(353,113,'C <= log |Y| y C>= log |X|',0),(354,113,'C es máximo cuando la distribución de Y es función lineal de la de X',1),(355,113,'Las filas de la matriz de transición suman lo mismo que las columnas',0),(356,113,'C es máximo cuando la distribución de Y es uniforme',0),(357,114,'Ct = C1*C2',0),(358,114,'Ct = C1+C2',0),(359,114,'Ct = max(C1,C2)',0),(360,114,'Ct = min(C1,C2)',1),(361,115,'Puede estar entre 1*1/2 y log2(5) bits',0),(362,115,'Puede estar entre 1/2 y 1*1/2 bits',0),(363,115,'Puede estar entre 0 y log2(5) bits',0),(364,115,'Puede estar entre 1 y 2 bits',1),(365,116,'H(A,B,C)<= H(C) + H(B/C) + H(A/B)',0),(366,116,'H(A,B,C)<= H(A) + H(C) - I(A;C) - I(B;C)',0),(367,116,'H(A,B,C) = H(A/B) + H(B/C) + H(C)',1),(368,116,'H(A,B,C)<= H(A,B) + H(B,C) - H(B)',0),(369,117,'Las variables A y B son estadísticamente independientes',0),(370,117,'Las variables A y C son independientes de la variable B',0),(371,117,'Las tres variables tienen una dependencia markoviana',1),(372,117,'Dada la variable B, la incertidumbre conjunta de las variables A y B es nula',0),(373,118,'La secuencia más probable pertenece a Ae(n)',0),(374,118,'Una secuencia se identifica como típica si su probabilidad está debidamente acotada',1),(375,118,'La probabilidad de una secuencia típica tiende a un valor fijo según crece n',0),(376,118,'Todas las secuencias son equiprobables',0),(377,119,'Sólo los códigos prefijo cumplen la desigualdad de Kraft',0),(378,119,'Todo código no singular cumple la desigualdad de Kraft',0),(379,119,'Los códigos no singulares no cumplen la desigualdad de Kraft',0),(380,119,'Todo código unívocamente decodificable cumple la desigualdad de Kraft',1),(381,120,'Tanto con fuentes estacionarias como no estacionarias, en el límite la longitud media es igual a la entropía',0),(382,120,'No necesita conocer la distribución de una fuente estacionaria para conseguir que la longitud media tienda a la entropía',1),(383,120,'En el límite, conduce para cualquier tipo de fuente a la entropía y uno de Huffmann no',0),(384,120,'Permite obtener SIEMPRE longitudes menores que un código Huffmann',0),(385,121,'En un proceso de Markov irreducible y aperiódico, la distribución de probabilidades converge',0),(386,121,'Para que exista la tasa de entropía en un proceso estacionario, ha de ser irreducible y aperiódico',0),(387,121,'En un proceso de Markov periódico, no se puede calcular la distribución estacionaria porque no existe el límite de las probabilidades de transición entre estados separados arbitrariamente',1),(388,121,'Independientemente de las distribuciones iniciales, en un proceso estocástico la distancia entre distribuciones sucesivas se reduce',0),(389,122,'Es una tasa a la que se puede enviar señales con probabilidad de error nula',0),(390,122,'Coincide con la diferencia entre la incertidumbre de los símbolos a la entrada sin condicionar y condicionados a la salida, para una determinada distribución',1),(391,122,'Es siempre menor que la incertidumbre de los símbolos a la entrada condicionados con la salida',0),(392,122,'Es un límite que impide absolutamente enviar señales a tasas más elevadas',0),(393,123,'La distancia mínima de ese conjunto de palabras es el menor peso de sus palabras',1),(394,123,'La distancia mínima de ese conjunto de palabras es la misma que la del código original',0),(395,123,'El conjunto de palabras puede ser un código lineal, dependiendo del cogrupo que se elija',0),(396,123,'El conjunto de palabras es siempre un código lineal',0),(397,124,'Un intercambio de columnas en dicha matriz no modifica el conjunto de palabras código',0),(398,124,'Un intercambio de filas en dicha matriz no modifica el conjunto de palabras código pero modifica la correspondencia entre mensajes y palabras código',1),(399,124,'Si eliminamos algunas columnas de dicha matriz podemos generar un código con las mismas dimensiones y la mayor distancia mínima',0),(400,124,'Un intercambio de filas en dicha matriz modifica el conjunto de palabras código',0),(401,125,'Su síndrome es siempre el mismo que el síndrome del vector v enviado desde el codificador',0),(402,125,'Su síndrome es siempre cero si r es un líder de cogrupo',0),(403,125,'Su síndrome es siempre el mismo que el síndrome del error introducido por el canal',1),(404,125,'Su síndrome es siempre distinto de cero cuando el canal ha introducido errores',0),(405,126,'Sólo la puedo utilizar para corregir, no para detectar errores',0),(406,126,'Puedo corregir los errores cuyos pesos sean menor o igual a los pesos de los líderes de cogrupo',0),(407,126,'Siempre se corrige adecuadamente cuando el error del canal coincide con uno de los líderes de cogrupo',1),(408,126,'Siempre se corrige adecuadamente si el error del canal coincide con las palabras transmitidas',0),(409,127,'El circuito corrector debe poder identificar n + Comb(n,2) síndromes',0),(410,127,'El circuito corrector es una puerta AND en el que algunas entradas pueden estar negadas',1),(411,127,'El circuito corrector debe poder identificar n síndromes para corregir el bit más significativo',0),(412,127,'El circuito corrector es una puerta AND en el que el último bit está negado',0),(413,128,'Puede tener una o más palabras código de peso 6',0),(414,128,'Tiene una sola palabra código de grado 11',1),(415,128,'Puede tener palabras código de grado 23',0),(416,128,'Tiene una sola palabra código de peso 11',0),(417,129,'La probabilidad de retransmisión es más elevada que si usamos el código sólo para detección',0),(418,129,'La probabilidad de error residual es más pequeña que si usamos el código sólo para detección',0),(419,129,'La cadencia eficaz es más elevada que si usamos el código sólo para detección',1),(420,129,'Se mejora apreciablemente la cadencia eficaz si pasamos a envío continuo y rechazo selectivo',0),(421,130,'Debe tener capacidad para almacenar una trama, es decir, la última trama enviada',0),(422,130,'Tiene un tamaño mínimo que no debe superar',1),(423,130,'Es mejor dimensionarla lo más grande posible para que la transmisión no se bloquee porque se llene la memoria',0),(424,130,'No afecta a la eficiencia de transmisión',0),(425,131,'Se utilizaría g\'(x)=(x+1)g(x)',0),(426,131,'Sólo se puede hacer si g(x) es múltiplo de (x+1)',0),(427,131,'Se añadiría un bit de paridad al código original',1),(428,131,'Se puede hacer eliminando columnas de la matriz de paridad H',0),(429,132,'16 bits',1),(430,132,'10 bits',0),(431,132,'8 bits',0),(432,132,'12 bits',0);

/*!40101 SET SQL_MODE=@OLD_SQL_MODE */;
/*!40014 SET FOREIGN_KEY_CHECKS=@OLD_FOREIGN_KEY_CHECKS */;
/*!40014 SET UNIQUE_CHECKS=@OLD_UNIQUE_CHECKS */;
/*!40111 SET SQL_NOTES=@OLD_SQL_NOTES */;
